245320748304,00-42-12,2022-12-19
245320748300,00-42-12,2022-12-19
245320748304_mhT40jP,00-42-12,2022-12-19
245320748304_mhT40jP,00-42-12,2022-12-19
245320748304_mhT40jP,00-42-12,2022-12-19
245320748304_mhT40jP,00-42-12,2022-12-19
245320748304_mhT40jP,00-42-12,2022-12-19
245320748304_mhT40jP,00-42-12,2022-12-19
245320748304_mhT40jP,00-42-12,2022-12-19
245320748304_mhT40jP,00-42-12,2022-12-19
245320748304_mhT40jP,00-42-12,2022-12-19
245320748304_mhT40jP,00-42-12,2022-12-19
245320748304_mhT40jP,00-42-12,2022-12-19
245320748304_mhT40jP,00-42-12,2022-12-19
245320748304_mhT40jP,00-42-12,2022-12-19
245320748304_mhT40jP,00-42-12,2022-12-19
245320748304_mhT40jP,00-42-12,2022-12-19
245320748304_mhT40jP,00-42-12,2022-12-19
245320748304_mhT40jP,00-42-12,2022-12-19
245320748304_mhT40jP,00-42-12,2022-12-19
245320748304_mhT40jP,00-42-12,2022-12-19
245320748304_mhT40jP,00-42-12,2022-12-19
245320748304_mhT40jP,00-42-12,2022-12-19
245320748304_mhT40jP,00-42-12,2022-12-19
245320748304_mhT40jP,00-42-12,2022-12-19
